file,scenario,git_info,max_iter,LLM,LLM_temp,NOFEEDBACK,GENCMD,RUNFUZZ,subject,commit,final_result,unintended_bug,time,iid,score,success
SUMMARY_jerryscript_BIC_GITNONE_ITER5_gpt-4o-2024-08-06_TEMP0.5_250306-2215.txt,BIC,NONE,5,gpt-4o-2024-08-06,0.5,,,,jerryscript,b7e3bae,N,False,160,5013,0,0
SUMMARY_jerryscript_BIC_GITNONE_ITER5_gpt-4o-2024-08-06_TEMP0.5_250306-2215.txt,BIC,NONE,5,gpt-4o-2024-08-06,0.5,,,,jerryscript,70e275e,R,False,191,5138,1,0
SUMMARY_jerryscript_BIC_GITNONE_ITER5_gpt-4o-2024-08-06_TEMP0.5_250306-2215.txt,BIC,NONE,5,gpt-4o-2024-08-06,0.5,,,,jerryscript,53b61c1,R,False,184,5117,1,0
SUMMARY_jerryscript_BIC_GITNONE_ITER5_gpt-4o-2024-08-06_TEMP0.5_250306-2215.txt,BIC,NONE,5,gpt-4o-2024-08-06,0.5,,,,jerryscript,70e275e,R,False,205,5153,1,0
SUMMARY_jerryscript_BIC_GITNONE_ITER5_gpt-4o-2024-08-06_TEMP0.5_250306-2243.txt,BIC,NONE,5,gpt-4o-2024-08-06,0.5,,,,jerryscript,b7e3bae,N,False,160,5013,0,0
SUMMARY_jerryscript_BIC_GITNONE_ITER5_gpt-4o-2024-08-06_TEMP0.5_250306-2243.txt,BIC,NONE,5,gpt-4o-2024-08-06,0.5,,,,jerryscript,70e275e,R,False,200,5138,1,0
SUMMARY_jerryscript_BIC_GITNONE_ITER5_gpt-4o-2024-08-06_TEMP0.5_250306-2243.txt,BIC,NONE,5,gpt-4o-2024-08-06,0.5,,,,jerryscript,53b61c1,R,False,155,5117,1,0
SUMMARY_jerryscript_BIC_GITNONE_ITER5_gpt-4o-2024-08-06_TEMP0.5_250306-2243.txt,BIC,NONE,5,gpt-4o-2024-08-06,0.5,,,,jerryscript,70e275e,R,False,205,5153,1,0
SUMMARY_jerryscript_BIC_GITNONE_ITER5_gpt-4o-2024-08-06_TEMP0.5_250306-2306.txt,BIC,NONE,5,gpt-4o-2024-08-06,0.5,,,,jerryscript,b7e3bae,N,False,155,5013,0,0
SUMMARY_jerryscript_BIC_GITNONE_ITER5_gpt-4o-2024-08-06_TEMP0.5_250306-2306.txt,BIC,NONE,5,gpt-4o-2024-08-06,0.5,,,,jerryscript,70e275e,R,False,209,5138,1,0
SUMMARY_jerryscript_BIC_GITNONE_ITER5_gpt-4o-2024-08-06_TEMP0.5_250306-2306.txt,BIC,NONE,5,gpt-4o-2024-08-06,0.5,,,,jerryscript,53b61c1,R,False,165,5117,1,0
SUMMARY_jerryscript_BIC_GITNONE_ITER5_gpt-4o-2024-08-06_TEMP0.5_250306-2306.txt,BIC,NONE,5,gpt-4o-2024-08-06,0.5,,,,jerryscript,70e275e,R,False,202,5153,1,0
SUMMARY_jerryscript_BIC_GITNONE_ITER5_gpt-4o-2024-08-06_TEMP0.5_250306-2329.txt,BIC,NONE,5,gpt-4o-2024-08-06,0.5,,,,jerryscript,b7e3bae,N,False,153,5013,0,0
SUMMARY_jerryscript_BIC_GITNONE_ITER5_gpt-4o-2024-08-06_TEMP0.5_250306-2329.txt,BIC,NONE,5,gpt-4o-2024-08-06,0.5,,,,jerryscript,70e275e,R,False,204,5138,1,0
SUMMARY_jerryscript_BIC_GITNONE_ITER5_gpt-4o-2024-08-06_TEMP0.5_250306-2329.txt,BIC,NONE,5,gpt-4o-2024-08-06,0.5,,,,jerryscript,53b61c1,R,False,170,5117,1,0
SUMMARY_jerryscript_BIC_GITNONE_ITER5_gpt-4o-2024-08-06_TEMP0.5_250306-2329.txt,BIC,NONE,5,gpt-4o-2024-08-06,0.5,,,,jerryscript,70e275e,R,False,199,5153,1,0
SUMMARY_jerryscript_BIC_GITNONE_ITER5_gpt-4o-2024-08-06_TEMP0.5_250306-2352.txt,BIC,NONE,5,gpt-4o-2024-08-06,0.5,,,,jerryscript,b7e3bae,N,False,149,5013,0,0
SUMMARY_jerryscript_BIC_GITNONE_ITER5_gpt-4o-2024-08-06_TEMP0.5_250306-2352.txt,BIC,NONE,5,gpt-4o-2024-08-06,0.5,,,,jerryscript,70e275e,R,False,196,5138,1,0
SUMMARY_jerryscript_BIC_GITNONE_ITER5_gpt-4o-2024-08-06_TEMP0.5_250306-2352.txt,BIC,NONE,5,gpt-4o-2024-08-06,0.5,,,,jerryscript,53b61c1,R,False,181,5117,1,0
SUMMARY_jerryscript_BIC_GITNONE_ITER5_gpt-4o-2024-08-06_TEMP0.5_250306-2352.txt,BIC,NONE,5,gpt-4o-2024-08-06,0.5,,,,jerryscript,70e275e,R,False,201,5153,1,0
SUMMARY_jerryscript_FIX_GITNONE_ITER5_gpt-4o-2024-08-06_TEMP0.5_250306-2232.txt,FIX,NONE,5,gpt-4o-2024-08-06,0.5,,,,jerryscript,3686410,N,False,159,5013,0,0
SUMMARY_jerryscript_FIX_GITNONE_ITER5_gpt-4o-2024-08-06_TEMP0.5_250306-2232.txt,FIX,NONE,5,gpt-4o-2024-08-06,0.5,,,,jerryscript,95cc5e9,N,False,155,5138,0,0
SUMMARY_jerryscript_FIX_GITNONE_ITER5_gpt-4o-2024-08-06_TEMP0.5_250306-2232.txt,FIX,NONE,5,gpt-4o-2024-08-06,0.5,,,,jerryscript,d7e2125,N,False,158,5117,0,0
SUMMARY_jerryscript_FIX_GITNONE_ITER5_gpt-4o-2024-08-06_TEMP0.5_250306-2232.txt,FIX,NONE,5,gpt-4o-2024-08-06,0.5,,,,jerryscript,de51531,N,False,158,5153,0,0
SUMMARY_jerryscript_FIX_GITNONE_ITER5_gpt-4o-2024-08-06_TEMP0.5_250306-2255.txt,FIX,NONE,5,gpt-4o-2024-08-06,0.5,,,,jerryscript,3686410,N,False,164,5013,0,0
SUMMARY_jerryscript_FIX_GITNONE_ITER5_gpt-4o-2024-08-06_TEMP0.5_250306-2255.txt,FIX,NONE,5,gpt-4o-2024-08-06,0.5,,,,jerryscript,95cc5e9,N,False,157,5138,0,0
SUMMARY_jerryscript_FIX_GITNONE_ITER5_gpt-4o-2024-08-06_TEMP0.5_250306-2255.txt,FIX,NONE,5,gpt-4o-2024-08-06,0.5,,,,jerryscript,d7e2125,R,False,166,5117,1,0
SUMMARY_jerryscript_FIX_GITNONE_ITER5_gpt-4o-2024-08-06_TEMP0.5_250306-2255.txt,FIX,NONE,5,gpt-4o-2024-08-06,0.5,,,,jerryscript,de51531,N,False,156,5153,0,0
SUMMARY_jerryscript_FIX_GITNONE_ITER5_gpt-4o-2024-08-06_TEMP0.5_250306-2318.txt,FIX,NONE,5,gpt-4o-2024-08-06,0.5,,,,jerryscript,3686410,N,False,158,5013,0,0
SUMMARY_jerryscript_FIX_GITNONE_ITER5_gpt-4o-2024-08-06_TEMP0.5_250306-2318.txt,FIX,NONE,5,gpt-4o-2024-08-06,0.5,,,,jerryscript,95cc5e9,N,False,153,5138,0,0
SUMMARY_jerryscript_FIX_GITNONE_ITER5_gpt-4o-2024-08-06_TEMP0.5_250306-2318.txt,FIX,NONE,5,gpt-4o-2024-08-06,0.5,,,,jerryscript,d7e2125,N,False,160,5117,0,0
SUMMARY_jerryscript_FIX_GITNONE_ITER5_gpt-4o-2024-08-06_TEMP0.5_250306-2318.txt,FIX,NONE,5,gpt-4o-2024-08-06,0.5,,,,jerryscript,de51531,N,False,157,5153,0,0
SUMMARY_jerryscript_FIX_GITNONE_ITER5_gpt-4o-2024-08-06_TEMP0.5_250306-2341.txt,FIX,NONE,5,gpt-4o-2024-08-06,0.5,,,,jerryscript,3686410,N,False,168,5013,0,0
SUMMARY_jerryscript_FIX_GITNONE_ITER5_gpt-4o-2024-08-06_TEMP0.5_250306-2341.txt,FIX,NONE,5,gpt-4o-2024-08-06,0.5,,,,jerryscript,95cc5e9,N,False,164,5138,0,0
SUMMARY_jerryscript_FIX_GITNONE_ITER5_gpt-4o-2024-08-06_TEMP0.5_250306-2341.txt,FIX,NONE,5,gpt-4o-2024-08-06,0.5,,,,jerryscript,d7e2125,R,False,161,5117,1,0
SUMMARY_jerryscript_FIX_GITNONE_ITER5_gpt-4o-2024-08-06_TEMP0.5_250306-2341.txt,FIX,NONE,5,gpt-4o-2024-08-06,0.5,,,,jerryscript,de51531,N,False,155,5153,0,0
SUMMARY_jerryscript_FIX_GITNONE_ITER5_gpt-4o-2024-08-06_TEMP0.5_250307-0004.txt,FIX,NONE,5,gpt-4o-2024-08-06,0.5,,,,jerryscript,3686410,N,False,156,5013,0,0
SUMMARY_jerryscript_FIX_GITNONE_ITER5_gpt-4o-2024-08-06_TEMP0.5_250307-0004.txt,FIX,NONE,5,gpt-4o-2024-08-06,0.5,,,,jerryscript,95cc5e9,N,False,163,5138,0,0
SUMMARY_jerryscript_FIX_GITNONE_ITER5_gpt-4o-2024-08-06_TEMP0.5_250307-0004.txt,FIX,NONE,5,gpt-4o-2024-08-06,0.5,,,,jerryscript,d7e2125,R,False,167,5117,1,0
SUMMARY_jerryscript_FIX_GITNONE_ITER5_gpt-4o-2024-08-06_TEMP0.5_250307-0004.txt,FIX,NONE,5,gpt-4o-2024-08-06,0.5,,,,jerryscript,de51531,N,False,170,5153,0,0
SUMMARY_mujs_BIC_GITNONE_ITER5_gpt-4o-2024-08-06_TEMP0.5_250307-0926.txt,BIC,NONE,5,gpt-4o-2024-08-06,0.5,,,,mujs,8c27b12,N,False,122,65,0,0
SUMMARY_mujs_BIC_GITNONE_ITER5_gpt-4o-2024-08-06_TEMP0.5_250307-0926.txt,BIC,NONE,5,gpt-4o-2024-08-06,0.5,,,,mujs,832e069,X,True,105,141,2,0
SUMMARY_mujs_BIC_GITNONE_ITER5_gpt-4o-2024-08-06_TEMP0.5_250307-0926.txt,BIC,NONE,5,gpt-4o-2024-08-06,0.5,,,,mujs,4c7f6be,N,False,105,145,0,0
SUMMARY_mujs_BIC_GITNONE_ITER5_gpt-4o-2024-08-06_TEMP0.5_250307-0926.txt,BIC,NONE,5,gpt-4o-2024-08-06,0.5,,,,mujs,3f71a1c,N,False,68,166,0,0
SUMMARY_mujs_BIC_GITNONE_ITER5_gpt-4o-2024-08-06_TEMP0.5_250307-0939.txt,BIC,NONE,5,gpt-4o-2024-08-06,0.5,,,,mujs,8c27b12,N,False,81,65,0,0
SUMMARY_mujs_BIC_GITNONE_ITER5_gpt-4o-2024-08-06_TEMP0.5_250307-0939.txt,BIC,NONE,5,gpt-4o-2024-08-06,0.5,,,,mujs,832e069,X,True,83,141,2,0
SUMMARY_mujs_BIC_GITNONE_ITER5_gpt-4o-2024-08-06_TEMP0.5_250307-0939.txt,BIC,NONE,5,gpt-4o-2024-08-06,0.5,,,,mujs,4c7f6be,N,False,128,145,0,0
SUMMARY_mujs_BIC_GITNONE_ITER5_gpt-4o-2024-08-06_TEMP0.5_250307-0939.txt,BIC,NONE,5,gpt-4o-2024-08-06,0.5,,,,mujs,3f71a1c,N,False,55,166,0,0
SUMMARY_mujs_BIC_GITNONE_ITER5_gpt-4o-2024-08-06_TEMP0.5_250307-0951.txt,BIC,NONE,5,gpt-4o-2024-08-06,0.5,,,,mujs,8c27b12,N,False,120,65,0,0
SUMMARY_mujs_BIC_GITNONE_ITER5_gpt-4o-2024-08-06_TEMP0.5_250307-0951.txt,BIC,NONE,5,gpt-4o-2024-08-06,0.5,,,,mujs,832e069,X,True,113,141,2,0
SUMMARY_mujs_BIC_GITNONE_ITER5_gpt-4o-2024-08-06_TEMP0.5_250307-0951.txt,BIC,NONE,5,gpt-4o-2024-08-06,0.5,,,,mujs,4c7f6be,N,False,95,145,0,0
SUMMARY_mujs_BIC_GITNONE_ITER5_gpt-4o-2024-08-06_TEMP0.5_250307-0951.txt,BIC,NONE,5,gpt-4o-2024-08-06,0.5,,,,mujs,3f71a1c,N,False,47,166,0,0
SUMMARY_mujs_BIC_GITNONE_ITER5_gpt-4o-2024-08-06_TEMP0.5_250307-1003.txt,BIC,NONE,5,gpt-4o-2024-08-06,0.5,,,,mujs,8c27b12,N,False,93,65,0,0
SUMMARY_mujs_BIC_GITNONE_ITER5_gpt-4o-2024-08-06_TEMP0.5_250307-1003.txt,BIC,NONE,5,gpt-4o-2024-08-06,0.5,,,,mujs,832e069,X,True,93,141,2,0
SUMMARY_mujs_BIC_GITNONE_ITER5_gpt-4o-2024-08-06_TEMP0.5_250307-1003.txt,BIC,NONE,5,gpt-4o-2024-08-06,0.5,,,,mujs,4c7f6be,N,False,97,145,0,0
SUMMARY_mujs_BIC_GITNONE_ITER5_gpt-4o-2024-08-06_TEMP0.5_250307-1003.txt,BIC,NONE,5,gpt-4o-2024-08-06,0.5,,,,mujs,3f71a1c,N,False,67,166,0,0
SUMMARY_mujs_BIC_GITNONE_ITER5_gpt-4o-2024-08-06_TEMP0.5_250307-1014.txt,BIC,NONE,5,gpt-4o-2024-08-06,0.5,,,,mujs,8c27b12,N,False,97,65,0,0
SUMMARY_mujs_BIC_GITNONE_ITER5_gpt-4o-2024-08-06_TEMP0.5_250307-1014.txt,BIC,NONE,5,gpt-4o-2024-08-06,0.5,,,,mujs,832e069,X,True,91,141,2,0
SUMMARY_mujs_BIC_GITNONE_ITER5_gpt-4o-2024-08-06_TEMP0.5_250307-1014.txt,BIC,NONE,5,gpt-4o-2024-08-06,0.5,,,,mujs,4c7f6be,N,False,96,145,0,0
SUMMARY_mujs_BIC_GITNONE_ITER5_gpt-4o-2024-08-06_TEMP0.5_250307-1014.txt,BIC,NONE,5,gpt-4o-2024-08-06,0.5,,,,mujs,3f71a1c,N,False,46,166,0,0
SUMMARY_mujs_FIX_GITNONE_ITER5_gpt-4o-2024-08-06_TEMP0.5_250307-0933.txt,FIX,NONE,5,gpt-4o-2024-08-06,0.5,,,,mujs,833f82c,N,False,87,65,0,0
SUMMARY_mujs_FIX_GITNONE_ITER5_gpt-4o-2024-08-06_TEMP0.5_250307-0933.txt,FIX,NONE,5,gpt-4o-2024-08-06,0.5,,,,mujs,6871e5b,N,False,83,141,0,0
SUMMARY_mujs_FIX_GITNONE_ITER5_gpt-4o-2024-08-06_TEMP0.5_250307-0933.txt,FIX,NONE,5,gpt-4o-2024-08-06,0.5,,,,mujs,f93d245,N,False,107,145,0,0
SUMMARY_mujs_FIX_GITNONE_ITER5_gpt-4o-2024-08-06_TEMP0.5_250307-0933.txt,FIX,NONE,5,gpt-4o-2024-08-06,0.5,,,,mujs,8b5ba20,N,False,90,166,0,0
SUMMARY_mujs_FIX_GITNONE_ITER5_gpt-4o-2024-08-06_TEMP0.5_250307-0945.txt,FIX,NONE,5,gpt-4o-2024-08-06,0.5,,,,mujs,833f82c,N,False,138,65,0,0
SUMMARY_mujs_FIX_GITNONE_ITER5_gpt-4o-2024-08-06_TEMP0.5_250307-0945.txt,FIX,NONE,5,gpt-4o-2024-08-06,0.5,,,,mujs,6871e5b,N,False,70,141,0,0
SUMMARY_mujs_FIX_GITNONE_ITER5_gpt-4o-2024-08-06_TEMP0.5_250307-0945.txt,FIX,NONE,5,gpt-4o-2024-08-06,0.5,,,,mujs,f93d245,N,False,101,145,0,0
SUMMARY_mujs_FIX_GITNONE_ITER5_gpt-4o-2024-08-06_TEMP0.5_250307-0945.txt,FIX,NONE,5,gpt-4o-2024-08-06,0.5,,,,mujs,8b5ba20,N,False,87,166,0,0
SUMMARY_mujs_FIX_GITNONE_ITER5_gpt-4o-2024-08-06_TEMP0.5_250307-0957.txt,FIX,NONE,5,gpt-4o-2024-08-06,0.5,,,,mujs,833f82c,N,False,72,65,0,0
SUMMARY_mujs_FIX_GITNONE_ITER5_gpt-4o-2024-08-06_TEMP0.5_250307-0957.txt,FIX,NONE,5,gpt-4o-2024-08-06,0.5,,,,mujs,6871e5b,N,False,79,141,0,0
SUMMARY_mujs_FIX_GITNONE_ITER5_gpt-4o-2024-08-06_TEMP0.5_250307-0957.txt,FIX,NONE,5,gpt-4o-2024-08-06,0.5,,,,mujs,f93d245,N,False,102,145,0,0
SUMMARY_mujs_FIX_GITNONE_ITER5_gpt-4o-2024-08-06_TEMP0.5_250307-0957.txt,FIX,NONE,5,gpt-4o-2024-08-06,0.5,,,,mujs,8b5ba20,N,False,59,166,0,0
SUMMARY_mujs_FIX_GITNONE_ITER5_gpt-4o-2024-08-06_TEMP0.5_250307-1009.txt,FIX,NONE,5,gpt-4o-2024-08-06,0.5,,,,mujs,833f82c,N,False,101,65,0,0
SUMMARY_mujs_FIX_GITNONE_ITER5_gpt-4o-2024-08-06_TEMP0.5_250307-1009.txt,FIX,NONE,5,gpt-4o-2024-08-06,0.5,,,,mujs,6871e5b,N,False,91,141,0,0
SUMMARY_mujs_FIX_GITNONE_ITER5_gpt-4o-2024-08-06_TEMP0.5_250307-1009.txt,FIX,NONE,5,gpt-4o-2024-08-06,0.5,,,,mujs,f93d245,N,False,92,145,0,0
SUMMARY_mujs_FIX_GITNONE_ITER5_gpt-4o-2024-08-06_TEMP0.5_250307-1009.txt,FIX,NONE,5,gpt-4o-2024-08-06,0.5,,,,mujs,8b5ba20,N,False,50,166,0,0
SUMMARY_mujs_FIX_GITNONE_ITER5_gpt-4o-2024-08-06_TEMP0.5_250307-1020.txt,FIX,NONE,5,gpt-4o-2024-08-06,0.5,,,,mujs,833f82c,N,False,141,65,0,0
SUMMARY_mujs_FIX_GITNONE_ITER5_gpt-4o-2024-08-06_TEMP0.5_250307-1020.txt,FIX,NONE,5,gpt-4o-2024-08-06,0.5,,,,mujs,6871e5b,N,False,81,141,0,0
SUMMARY_mujs_FIX_GITNONE_ITER5_gpt-4o-2024-08-06_TEMP0.5_250307-1020.txt,FIX,NONE,5,gpt-4o-2024-08-06,0.5,,,,mujs,f93d245,N,False,89,145,0,0
SUMMARY_mujs_FIX_GITNONE_ITER5_gpt-4o-2024-08-06_TEMP0.5_250307-1020.txt,FIX,NONE,5,gpt-4o-2024-08-06,0.5,,,,mujs,8b5ba20,N,False,119,166,0,0
SUMMARY_php-src_BIC_GITNONE_ITER5_gpt-4o-2024-08-06_TEMP0.5_250306-2219.txt,BIC,NONE,5,gpt-4o-2024-08-06,0.5,,,,php-src,5cb38e9,N,False,114,16777,0,0
SUMMARY_php-src_BIC_GITNONE_ITER5_gpt-4o-2024-08-06_TEMP0.5_250306-2219.txt,BIC,NONE,5,gpt-4o-2024-08-06,0.5,,,,php-src,8c704ab,N,False,159,16978,0,0
SUMMARY_php-src_BIC_GITNONE_ITER5_gpt-4o-2024-08-06_TEMP0.5_250306-2219.txt,BIC,NONE,5,gpt-4o-2024-08-06,0.5,,,,php-src,998bce1,N,False,146,17442,0,0
SUMMARY_php-src_BIC_GITNONE_ITER5_gpt-4o-2024-08-06_TEMP0.5_250306-2219.txt,BIC,NONE,5,gpt-4o-2024-08-06,0.5,,,,php-src,7904a08,N,False,129,17463,0,0
SUMMARY_php-src_BIC_GITNONE_ITER5_gpt-4o-2024-08-06_TEMP0.5_250307-0852.txt,BIC,NONE,5,gpt-4o-2024-08-06,0.5,,,,php-src,5cb38e9,N,False,113,16777,0,0
SUMMARY_php-src_BIC_GITNONE_ITER5_gpt-4o-2024-08-06_TEMP0.5_250307-0852.txt,BIC,NONE,5,gpt-4o-2024-08-06,0.5,,,,php-src,8c704ab,N,False,146,16978,0,0
SUMMARY_php-src_BIC_GITNONE_ITER5_gpt-4o-2024-08-06_TEMP0.5_250307-0852.txt,BIC,NONE,5,gpt-4o-2024-08-06,0.5,,,,php-src,998bce1,N,False,150,17442,0,0
SUMMARY_php-src_BIC_GITNONE_ITER5_gpt-4o-2024-08-06_TEMP0.5_250307-0852.txt,BIC,NONE,5,gpt-4o-2024-08-06,0.5,,,,php-src,7904a08,N,False,129,17463,0,0
SUMMARY_php-src_BIC_GITNONE_ITER5_gpt-4o-2024-08-06_TEMP0.5_250307-0934.txt,BIC,NONE,5,gpt-4o-2024-08-06,0.5,,,,php-src,5cb38e9,N,False,111,16777,0,0
SUMMARY_php-src_BIC_GITNONE_ITER5_gpt-4o-2024-08-06_TEMP0.5_250307-0934.txt,BIC,NONE,5,gpt-4o-2024-08-06,0.5,,,,php-src,8c704ab,N,False,157,16978,0,0
SUMMARY_php-src_BIC_GITNONE_ITER5_gpt-4o-2024-08-06_TEMP0.5_250307-0934.txt,BIC,NONE,5,gpt-4o-2024-08-06,0.5,,,,php-src,998bce1,X,True,153,17442,0,0
SUMMARY_php-src_BIC_GITNONE_ITER5_gpt-4o-2024-08-06_TEMP0.5_250307-0934.txt,BIC,NONE,5,gpt-4o-2024-08-06,0.5,,,,php-src,7904a08,N,False,119,17463,0,0
SUMMARY_php-src_BIC_GITNONE_ITER5_gpt-4o-2024-08-06_TEMP0.5_250307-0952.txt,BIC,NONE,5,gpt-4o-2024-08-06,0.5,,,,php-src,5cb38e9,N,False,126,16777,0,0
SUMMARY_php-src_BIC_GITNONE_ITER5_gpt-4o-2024-08-06_TEMP0.5_250307-0952.txt,BIC,NONE,5,gpt-4o-2024-08-06,0.5,,,,php-src,8c704ab,N,False,146,16978,0,0
SUMMARY_php-src_BIC_GITNONE_ITER5_gpt-4o-2024-08-06_TEMP0.5_250307-0952.txt,BIC,NONE,5,gpt-4o-2024-08-06,0.5,,,,php-src,998bce1,N,False,143,17442,0,0
SUMMARY_php-src_BIC_GITNONE_ITER5_gpt-4o-2024-08-06_TEMP0.5_250307-0952.txt,BIC,NONE,5,gpt-4o-2024-08-06,0.5,,,,php-src,7904a08,N,False,135,17463,0,0
SUMMARY_php-src_BIC_GITNONE_ITER5_gpt-4o-2024-08-06_TEMP0.5_250307-1012.txt,BIC,NONE,5,gpt-4o-2024-08-06,0.5,,,,php-src,5cb38e9,N,False,118,16777,0,0
SUMMARY_php-src_BIC_GITNONE_ITER5_gpt-4o-2024-08-06_TEMP0.5_250307-1012.txt,BIC,NONE,5,gpt-4o-2024-08-06,0.5,,,,php-src,8c704ab,N,False,155,16978,0,0
SUMMARY_php-src_BIC_GITNONE_ITER5_gpt-4o-2024-08-06_TEMP0.5_250307-1012.txt,BIC,NONE,5,gpt-4o-2024-08-06,0.5,,,,php-src,998bce1,R,False,149,17442,1,0
SUMMARY_php-src_BIC_GITNONE_ITER5_gpt-4o-2024-08-06_TEMP0.5_250307-1012.txt,BIC,NONE,5,gpt-4o-2024-08-06,0.5,,,,php-src,7904a08,N,False,124,17463,0,0
SUMMARY_php-src_FIX_GITNONE_ITER5_gpt-4o-2024-08-06_TEMP0.5_250306-2235.txt,FIX,NONE,5,gpt-4o-2024-08-06,0.5,,,,php-src,18b18f0,N,False,144,16777,0,0
SUMMARY_php-src_FIX_GITNONE_ITER5_gpt-4o-2024-08-06_TEMP0.5_250306-2235.txt,FIX,NONE,5,gpt-4o-2024-08-06,0.5,,,,php-src,d17ed34,N,False,153,16978,0,0
SUMMARY_php-src_FIX_GITNONE_ITER5_gpt-4o-2024-08-06_TEMP0.5_250306-2235.txt,FIX,NONE,5,gpt-4o-2024-08-06,0.5,,,,php-src,b068c2f,N,False,165,17442,0,0
SUMMARY_php-src_FIX_GITNONE_ITER5_gpt-4o-2024-08-06_TEMP0.5_250306-2235.txt,FIX,NONE,5,gpt-4o-2024-08-06,0.5,,,,php-src,e4473ab,N,False,125,17463,0,0
SUMMARY_php-src_FIX_GITNONE_ITER5_gpt-4o-2024-08-06_TEMP0.5_250307-0924.txt,FIX,NONE,5,gpt-4o-2024-08-06,0.5,,,,php-src,18b18f0,N,False,141,16777,0,0
SUMMARY_php-src_FIX_GITNONE_ITER5_gpt-4o-2024-08-06_TEMP0.5_250307-0924.txt,FIX,NONE,5,gpt-4o-2024-08-06,0.5,,,,php-src,d17ed34,N,False,169,16978,0,0
SUMMARY_php-src_FIX_GITNONE_ITER5_gpt-4o-2024-08-06_TEMP0.5_250307-0924.txt,FIX,NONE,5,gpt-4o-2024-08-06,0.5,,,,php-src,b068c2f,N,False,150,17442,0,0
SUMMARY_php-src_FIX_GITNONE_ITER5_gpt-4o-2024-08-06_TEMP0.5_250307-0924.txt,FIX,NONE,5,gpt-4o-2024-08-06,0.5,,,,php-src,e4473ab,N,False,119,17463,0,0
SUMMARY_php-src_FIX_GITNONE_ITER5_gpt-4o-2024-08-06_TEMP0.5_250307-0943.txt,FIX,NONE,5,gpt-4o-2024-08-06,0.5,,,,php-src,18b18f0,N,False,152,16777,0,0
SUMMARY_php-src_FIX_GITNONE_ITER5_gpt-4o-2024-08-06_TEMP0.5_250307-0943.txt,FIX,NONE,5,gpt-4o-2024-08-06,0.5,,,,php-src,d17ed34,N,False,145,16978,0,0
SUMMARY_php-src_FIX_GITNONE_ITER5_gpt-4o-2024-08-06_TEMP0.5_250307-0943.txt,FIX,NONE,5,gpt-4o-2024-08-06,0.5,,,,php-src,b068c2f,N,False,142,17442,0,0
SUMMARY_php-src_FIX_GITNONE_ITER5_gpt-4o-2024-08-06_TEMP0.5_250307-0943.txt,FIX,NONE,5,gpt-4o-2024-08-06,0.5,,,,php-src,e4473ab,N,False,110,17463,0,0
SUMMARY_php-src_FIX_GITNONE_ITER5_gpt-4o-2024-08-06_TEMP0.5_250307-1001.txt,FIX,NONE,5,gpt-4o-2024-08-06,0.5,,,,php-src,18b18f0,N,False,123,16777,0,0
SUMMARY_php-src_FIX_GITNONE_ITER5_gpt-4o-2024-08-06_TEMP0.5_250307-1001.txt,FIX,NONE,5,gpt-4o-2024-08-06,0.5,,,,php-src,d17ed34,N,False,165,16978,0,0
SUMMARY_php-src_FIX_GITNONE_ITER5_gpt-4o-2024-08-06_TEMP0.5_250307-1001.txt,FIX,NONE,5,gpt-4o-2024-08-06,0.5,,,,php-src,b068c2f,D,False,194,17442,2,0
SUMMARY_php-src_FIX_GITNONE_ITER5_gpt-4o-2024-08-06_TEMP0.5_250307-1001.txt,FIX,NONE,5,gpt-4o-2024-08-06,0.5,,,,php-src,e4473ab,N,False,134,17463,0,0
SUMMARY_php-src_FIX_GITNONE_ITER5_gpt-4o-2024-08-06_TEMP0.5_250307-1021.txt,FIX,NONE,5,gpt-4o-2024-08-06,0.5,,,,php-src,18b18f0,N,False,137,16777,0,0
SUMMARY_php-src_FIX_GITNONE_ITER5_gpt-4o-2024-08-06_TEMP0.5_250307-1021.txt,FIX,NONE,5,gpt-4o-2024-08-06,0.5,,,,php-src,d17ed34,N,False,157,16978,0,0
SUMMARY_php-src_FIX_GITNONE_ITER5_gpt-4o-2024-08-06_TEMP0.5_250307-1021.txt,FIX,NONE,5,gpt-4o-2024-08-06,0.5,,,,php-src,b068c2f,N,False,155,17442,0,0
SUMMARY_php-src_FIX_GITNONE_ITER5_gpt-4o-2024-08-06_TEMP0.5_250307-1021.txt,FIX,NONE,5,gpt-4o-2024-08-06,0.5,,,,php-src,e4473ab,N,False,128,17463,0,0
SUMMARY_poppler_BIC_GITNONE_ITER5_gpt-4o-2024-08-06_TEMP0.5_250306-2222.txt,BIC,NONE,5,gpt-4o-2024-08-06,0.5,,,,poppler,3d35d20,R,False,140,1282,1,0
SUMMARY_poppler_BIC_GITNONE_ITER5_gpt-4o-2024-08-06_TEMP0.5_250306-2222.txt,BIC,NONE,5,gpt-4o-2024-08-06,0.5,,,,poppler,3cae777,R,False,169,1289,1,0
SUMMARY_poppler_BIC_GITNONE_ITER5_gpt-4o-2024-08-06_TEMP0.5_250306-2222.txt,BIC,NONE,5,gpt-4o-2024-08-06,0.5,,,,poppler,e674ca6,N,False,171,1303,0,0
SUMMARY_poppler_BIC_GITNONE_ITER5_gpt-4o-2024-08-06_TEMP0.5_250306-2222.txt,BIC,NONE,5,gpt-4o-2024-08-06,0.5,,,,poppler,aaf2e80,N,False,178,1305,0,0
SUMMARY_poppler_BIC_GITNONE_ITER5_gpt-4o-2024-08-06_TEMP0.5_250306-2222.txt,BIC,NONE,5,gpt-4o-2024-08-06,0.5,,,,poppler,245abad,N,False,429,1381,0,0
SUMMARY_poppler_BIC_GITNONE_ITER5_gpt-4o-2024-08-06_TEMP0.5_250307-0117.txt,BIC,NONE,5,gpt-4o-2024-08-06,0.5,,,,poppler,3d35d20,R,False,176,1282,1,0
SUMMARY_poppler_BIC_GITNONE_ITER5_gpt-4o-2024-08-06_TEMP0.5_250307-0117.txt,BIC,NONE,5,gpt-4o-2024-08-06,0.5,,,,poppler,3cae777,R,False,191,1289,1,0
SUMMARY_poppler_BIC_GITNONE_ITER5_gpt-4o-2024-08-06_TEMP0.5_250307-0117.txt,BIC,NONE,5,gpt-4o-2024-08-06,0.5,,,,poppler,e674ca6,N,False,183,1303,0,0
SUMMARY_poppler_BIC_GITNONE_ITER5_gpt-4o-2024-08-06_TEMP0.5_250307-0117.txt,BIC,NONE,5,gpt-4o-2024-08-06,0.5,,,,poppler,aaf2e80,N,False,166,1305,0,0
SUMMARY_poppler_BIC_GITNONE_ITER5_gpt-4o-2024-08-06_TEMP0.5_250307-0117.txt,BIC,NONE,5,gpt-4o-2024-08-06,0.5,,,,poppler,245abad,N,False,168,1381,0,0
SUMMARY_poppler_BIC_GITNONE_ITER5_gpt-4o-2024-08-06_TEMP0.5_250307-0151.txt,BIC,NONE,5,gpt-4o-2024-08-06,0.5,,,,poppler,3d35d20,R,False,136,1282,1,0
SUMMARY_poppler_BIC_GITNONE_ITER5_gpt-4o-2024-08-06_TEMP0.5_250307-0151.txt,BIC,NONE,5,gpt-4o-2024-08-06,0.5,,,,poppler,3cae777,R,False,167,1289,1,0
SUMMARY_poppler_BIC_GITNONE_ITER5_gpt-4o-2024-08-06_TEMP0.5_250307-0151.txt,BIC,NONE,5,gpt-4o-2024-08-06,0.5,,,,poppler,e674ca6,N,False,440,1303,0,0
SUMMARY_poppler_BIC_GITNONE_ITER5_gpt-4o-2024-08-06_TEMP0.5_250307-0151.txt,BIC,NONE,5,gpt-4o-2024-08-06,0.5,,,,poppler,aaf2e80,N,False,171,1305,0,0
SUMMARY_poppler_BIC_GITNONE_ITER5_gpt-4o-2024-08-06_TEMP0.5_250307-0151.txt,BIC,NONE,5,gpt-4o-2024-08-06,0.5,,,,poppler,245abad,N,False,167,1381,0,0
SUMMARY_poppler_BIC_GITNONE_ITER5_gpt-4o-2024-08-06_TEMP0.5_250307-0223.txt,BIC,NONE,5,gpt-4o-2024-08-06,0.5,,,,poppler,3d35d20,R,False,165,1282,1,0
SUMMARY_poppler_BIC_GITNONE_ITER5_gpt-4o-2024-08-06_TEMP0.5_250307-0223.txt,BIC,NONE,5,gpt-4o-2024-08-06,0.5,,,,poppler,3cae777,R,False,147,1289,1,0
SUMMARY_poppler_BIC_GITNONE_ITER5_gpt-4o-2024-08-06_TEMP0.5_250307-0223.txt,BIC,NONE,5,gpt-4o-2024-08-06,0.5,,,,poppler,e674ca6,N,False,218,1303,0,0
SUMMARY_poppler_BIC_GITNONE_ITER5_gpt-4o-2024-08-06_TEMP0.5_250307-0223.txt,BIC,NONE,5,gpt-4o-2024-08-06,0.5,,,,poppler,aaf2e80,N,False,425,1305,0,0
SUMMARY_poppler_BIC_GITNONE_ITER5_gpt-4o-2024-08-06_TEMP0.5_250307-0223.txt,BIC,NONE,5,gpt-4o-2024-08-06,0.5,,,,poppler,245abad,N,False,195,1381,0,0
SUMMARY_poppler_BIC_GITNONE_ITER5_gpt-4o-2024-08-06_TEMP0.5_250307-0257.txt,BIC,NONE,5,gpt-4o-2024-08-06,0.5,,,,poppler,3d35d20,R,False,177,1282,1,0
SUMMARY_poppler_BIC_GITNONE_ITER5_gpt-4o-2024-08-06_TEMP0.5_250307-0257.txt,BIC,NONE,5,gpt-4o-2024-08-06,0.5,,,,poppler,3cae777,R,False,148,1289,1,0
SUMMARY_poppler_BIC_GITNONE_ITER5_gpt-4o-2024-08-06_TEMP0.5_250307-0257.txt,BIC,NONE,5,gpt-4o-2024-08-06,0.5,,,,poppler,e674ca6,N,False,181,1303,0,0
SUMMARY_poppler_BIC_GITNONE_ITER5_gpt-4o-2024-08-06_TEMP0.5_250307-0257.txt,BIC,NONE,5,gpt-4o-2024-08-06,0.5,,,,poppler,aaf2e80,N,False,440,1305,0,0
SUMMARY_poppler_BIC_GITNONE_ITER5_gpt-4o-2024-08-06_TEMP0.5_250307-0257.txt,BIC,NONE,5,gpt-4o-2024-08-06,0.5,,,,poppler,245abad,N,False,230,1381,0,0
SUMMARY_poppler_FIX_GITNONE_ITER5_gpt-4o-2024-08-06_TEMP0.5_250307-0102.txt,FIX,NONE,5,gpt-4o-2024-08-06,0.5,,,,poppler,4564a00,R,False,183,1282,1,0
SUMMARY_poppler_FIX_GITNONE_ITER5_gpt-4o-2024-08-06_TEMP0.5_250307-0102.txt,FIX,NONE,5,gpt-4o-2024-08-06,0.5,,,,poppler,efb6868,N,False,156,1289,0,0
SUMMARY_poppler_FIX_GITNONE_ITER5_gpt-4o-2024-08-06_TEMP0.5_250307-0102.txt,FIX,NONE,5,gpt-4o-2024-08-06,0.5,,,,poppler,a4ca3a9,N,False,189,1303,0,0
SUMMARY_poppler_FIX_GITNONE_ITER5_gpt-4o-2024-08-06_TEMP0.5_250307-0102.txt,FIX,NONE,5,gpt-4o-2024-08-06,0.5,,,,poppler,907d05a,N,False,171,1305,0,0
SUMMARY_poppler_FIX_GITNONE_ITER5_gpt-4o-2024-08-06_TEMP0.5_250307-0102.txt,FIX,NONE,5,gpt-4o-2024-08-06,0.5,,,,poppler,1be35ee,N,False,184,1381,0,0
SUMMARY_poppler_FIX_GITNONE_ITER5_gpt-4o-2024-08-06_TEMP0.5_250307-0132.txt,FIX,NONE,5,gpt-4o-2024-08-06,0.5,,,,poppler,4564a00,R,False,172,1282,1,0
SUMMARY_poppler_FIX_GITNONE_ITER5_gpt-4o-2024-08-06_TEMP0.5_250307-0132.txt,FIX,NONE,5,gpt-4o-2024-08-06,0.5,,,,poppler,efb6868,N,False,175,1289,0,0
SUMMARY_poppler_FIX_GITNONE_ITER5_gpt-4o-2024-08-06_TEMP0.5_250307-0132.txt,FIX,NONE,5,gpt-4o-2024-08-06,0.5,,,,poppler,a4ca3a9,N,False,216,1303,0,0
SUMMARY_poppler_FIX_GITNONE_ITER5_gpt-4o-2024-08-06_TEMP0.5_250307-0132.txt,FIX,NONE,5,gpt-4o-2024-08-06,0.5,,,,poppler,907d05a,N,False,167,1305,0,0
SUMMARY_poppler_FIX_GITNONE_ITER5_gpt-4o-2024-08-06_TEMP0.5_250307-0132.txt,FIX,NONE,5,gpt-4o-2024-08-06,0.5,,,,poppler,1be35ee,N,False,422,1381,0,0
SUMMARY_poppler_FIX_GITNONE_ITER5_gpt-4o-2024-08-06_TEMP0.5_250307-0209.txt,FIX,NONE,5,gpt-4o-2024-08-06,0.5,,,,poppler,4564a00,R,False,181,1282,1,0
SUMMARY_poppler_FIX_GITNONE_ITER5_gpt-4o-2024-08-06_TEMP0.5_250307-0209.txt,FIX,NONE,5,gpt-4o-2024-08-06,0.5,,,,poppler,efb6868,N,False,190,1289,0,0
SUMMARY_poppler_FIX_GITNONE_ITER5_gpt-4o-2024-08-06_TEMP0.5_250307-0209.txt,FIX,NONE,5,gpt-4o-2024-08-06,0.5,,,,poppler,a4ca3a9,N,False,146,1303,0,0
SUMMARY_poppler_FIX_GITNONE_ITER5_gpt-4o-2024-08-06_TEMP0.5_250307-0209.txt,FIX,NONE,5,gpt-4o-2024-08-06,0.5,,,,poppler,907d05a,N,False,150,1305,0,0
SUMMARY_poppler_FIX_GITNONE_ITER5_gpt-4o-2024-08-06_TEMP0.5_250307-0209.txt,FIX,NONE,5,gpt-4o-2024-08-06,0.5,,,,poppler,1be35ee,N,False,174,1381,0,0
SUMMARY_poppler_FIX_GITNONE_ITER5_gpt-4o-2024-08-06_TEMP0.5_250307-0242.txt,FIX,NONE,5,gpt-4o-2024-08-06,0.5,,,,poppler,4564a00,R,False,151,1282,1,0
SUMMARY_poppler_FIX_GITNONE_ITER5_gpt-4o-2024-08-06_TEMP0.5_250307-0242.txt,FIX,NONE,5,gpt-4o-2024-08-06,0.5,,,,poppler,efb6868,N,False,207,1289,0,0
SUMMARY_poppler_FIX_GITNONE_ITER5_gpt-4o-2024-08-06_TEMP0.5_250307-0242.txt,FIX,NONE,5,gpt-4o-2024-08-06,0.5,,,,poppler,a4ca3a9,N,False,180,1303,0,0
SUMMARY_poppler_FIX_GITNONE_ITER5_gpt-4o-2024-08-06_TEMP0.5_250307-0242.txt,FIX,NONE,5,gpt-4o-2024-08-06,0.5,,,,poppler,907d05a,N,False,180,1305,0,0
SUMMARY_poppler_FIX_GITNONE_ITER5_gpt-4o-2024-08-06_TEMP0.5_250307-0242.txt,FIX,NONE,5,gpt-4o-2024-08-06,0.5,,,,poppler,1be35ee,N,False,171,1381,0,0
SUMMARY_poppler_FIX_GITNONE_ITER5_gpt-4o-2024-08-06_TEMP0.5_250307-0317.txt,FIX,NONE,5,gpt-4o-2024-08-06,0.5,,,,poppler,4564a00,R,False,681,1282,1,0
SUMMARY_poppler_FIX_GITNONE_ITER5_gpt-4o-2024-08-06_TEMP0.5_250307-0317.txt,FIX,NONE,5,gpt-4o-2024-08-06,0.5,,,,poppler,efb6868,N,False,143,1289,0,0
SUMMARY_poppler_FIX_GITNONE_ITER5_gpt-4o-2024-08-06_TEMP0.5_250307-0317.txt,FIX,NONE,5,gpt-4o-2024-08-06,0.5,,,,poppler,a4ca3a9,N,False,190,1303,0,0
SUMMARY_poppler_FIX_GITNONE_ITER5_gpt-4o-2024-08-06_TEMP0.5_250307-0317.txt,FIX,NONE,5,gpt-4o-2024-08-06,0.5,,,,poppler,907d05a,N,False,168,1305,0,0
SUMMARY_poppler_FIX_GITNONE_ITER5_gpt-4o-2024-08-06_TEMP0.5_250307-0317.txt,FIX,NONE,5,gpt-4o-2024-08-06,0.5,,,,poppler,1be35ee,N,False,188,1381,0,0
SUMMARY_z3_BIC_GITNONE_ITER5_gpt-4o-2024-08-06_TEMP0.5_250306-2237.txt,BIC,NONE,5,gpt-4o-2024-08-06,0.5,,,,z3,0f3c562,N,False,715,6659,0,0
SUMMARY_z3_BIC_GITNONE_ITER5_gpt-4o-2024-08-06_TEMP0.5_250306-2237.txt,BIC,NONE,5,gpt-4o-2024-08-06,0.5,,,,z3,a62e4b2,N,False,662,6914,0,0
SUMMARY_z3_BIC_GITNONE_ITER5_gpt-4o-2024-08-06_TEMP0.5_250306-2237.txt,BIC,NONE,5,gpt-4o-2024-08-06,0.5,,,,z3,dec87fe,N,False,613,7246,0,0
SUMMARY_z3_BIC_GITNONE_ITER5_gpt-4o-2024-08-06_TEMP0.5_250306-2237.txt,BIC,NONE,5,gpt-4o-2024-08-06,0.5,,,,z3,a7b1db6,N,False,611,7252,0,0
SUMMARY_z3_BIC_GITNONE_ITER5_gpt-4o-2024-08-06_TEMP0.5_250307-0004.txt,BIC,NONE,5,gpt-4o-2024-08-06,0.5,,,,z3,0f3c562,N,False,714,6659,0,0
SUMMARY_z3_BIC_GITNONE_ITER5_gpt-4o-2024-08-06_TEMP0.5_250307-0004.txt,BIC,NONE,5,gpt-4o-2024-08-06,0.5,,,,z3,a62e4b2,N,False,663,6914,0,0
SUMMARY_z3_BIC_GITNONE_ITER5_gpt-4o-2024-08-06_TEMP0.5_250307-0004.txt,BIC,NONE,5,gpt-4o-2024-08-06,0.5,,,,z3,dec87fe,N,False,614,7246,0,0
SUMMARY_z3_BIC_GITNONE_ITER5_gpt-4o-2024-08-06_TEMP0.5_250307-0004.txt,BIC,NONE,5,gpt-4o-2024-08-06,0.5,,,,z3,a7b1db6,N,False,616,7252,0,0
SUMMARY_z3_BIC_GITNONE_ITER5_gpt-4o-2024-08-06_TEMP0.5_250307-0132.txt,BIC,NONE,5,gpt-4o-2024-08-06,0.5,,,,z3,0f3c562,N,False,721,6659,0,0
SUMMARY_z3_BIC_GITNONE_ITER5_gpt-4o-2024-08-06_TEMP0.5_250307-0132.txt,BIC,NONE,5,gpt-4o-2024-08-06,0.5,,,,z3,a62e4b2,N,False,683,6914,0,0
SUMMARY_z3_BIC_GITNONE_ITER5_gpt-4o-2024-08-06_TEMP0.5_250307-0132.txt,BIC,NONE,5,gpt-4o-2024-08-06,0.5,,,,z3,dec87fe,N,False,628,7246,0,0
SUMMARY_z3_BIC_GITNONE_ITER5_gpt-4o-2024-08-06_TEMP0.5_250307-0132.txt,BIC,NONE,5,gpt-4o-2024-08-06,0.5,,,,z3,a7b1db6,N,False,621,7252,0,0
SUMMARY_z3_BIC_GITNONE_ITER5_gpt-4o-2024-08-06_TEMP0.5_250307-0300.txt,BIC,NONE,5,gpt-4o-2024-08-06,0.5,,,,z3,0f3c562,N,False,722,6659,0,0
SUMMARY_z3_BIC_GITNONE_ITER5_gpt-4o-2024-08-06_TEMP0.5_250307-0300.txt,BIC,NONE,5,gpt-4o-2024-08-06,0.5,,,,z3,a62e4b2,N,False,668,6914,0,0
SUMMARY_z3_BIC_GITNONE_ITER5_gpt-4o-2024-08-06_TEMP0.5_250307-0300.txt,BIC,NONE,5,gpt-4o-2024-08-06,0.5,,,,z3,dec87fe,N,False,622,7246,0,0
SUMMARY_z3_BIC_GITNONE_ITER5_gpt-4o-2024-08-06_TEMP0.5_250307-0300.txt,BIC,NONE,5,gpt-4o-2024-08-06,0.5,,,,z3,a7b1db6,N,False,617,7252,0,0
SUMMARY_z3_BIC_GITNONE_ITER5_gpt-4o-2024-08-06_TEMP0.5_250307-0429.txt,BIC,NONE,5,gpt-4o-2024-08-06,0.5,,,,z3,0f3c562,N,False,704,6659,0,0
SUMMARY_z3_BIC_GITNONE_ITER5_gpt-4o-2024-08-06_TEMP0.5_250307-0429.txt,BIC,NONE,5,gpt-4o-2024-08-06,0.5,,,,z3,a62e4b2,N,False,666,6914,0,0
SUMMARY_z3_BIC_GITNONE_ITER5_gpt-4o-2024-08-06_TEMP0.5_250307-0429.txt,BIC,NONE,5,gpt-4o-2024-08-06,0.5,,,,z3,dec87fe,N,False,604,7246,0,0
SUMMARY_z3_BIC_GITNONE_ITER5_gpt-4o-2024-08-06_TEMP0.5_250307-0429.txt,BIC,NONE,5,gpt-4o-2024-08-06,0.5,,,,z3,a7b1db6,N,False,597,7252,0,0
SUMMARY_z3_FIX_GITNONE_ITER5_gpt-4o-2024-08-06_TEMP0.5_250306-2320.txt,FIX,NONE,5,gpt-4o-2024-08-06,0.5,,,,z3,a849a29,N,False,639,6659,0,0
SUMMARY_z3_FIX_GITNONE_ITER5_gpt-4o-2024-08-06_TEMP0.5_250306-2320.txt,FIX,NONE,5,gpt-4o-2024-08-06,0.5,,,,z3,eea9c0b,N,False,648,6914,0,0
SUMMARY_z3_FIX_GITNONE_ITER5_gpt-4o-2024-08-06_TEMP0.5_250306-2320.txt,FIX,NONE,5,gpt-4o-2024-08-06,0.5,,,,z3,49610f5,N,False,654,7246,0,0
SUMMARY_z3_FIX_GITNONE_ITER5_gpt-4o-2024-08-06_TEMP0.5_250306-2320.txt,FIX,NONE,5,gpt-4o-2024-08-06,0.5,,,,z3,a6b5027,N,False,659,7252,0,0
SUMMARY_z3_FIX_GITNONE_ITER5_gpt-4o-2024-08-06_TEMP0.5_250307-0047.txt,FIX,NONE,5,gpt-4o-2024-08-06,0.5,,,,z3,a849a29,N,False,651,6659,0,0
SUMMARY_z3_FIX_GITNONE_ITER5_gpt-4o-2024-08-06_TEMP0.5_250307-0047.txt,FIX,NONE,5,gpt-4o-2024-08-06,0.5,,,,z3,eea9c0b,N,False,653,6914,0,0
SUMMARY_z3_FIX_GITNONE_ITER5_gpt-4o-2024-08-06_TEMP0.5_250307-0047.txt,FIX,NONE,5,gpt-4o-2024-08-06,0.5,,,,z3,49610f5,N,False,665,7246,0,0
SUMMARY_z3_FIX_GITNONE_ITER5_gpt-4o-2024-08-06_TEMP0.5_250307-0047.txt,FIX,NONE,5,gpt-4o-2024-08-06,0.5,,,,z3,a6b5027,N,False,671,7252,0,0
SUMMARY_z3_FIX_GITNONE_ITER5_gpt-4o-2024-08-06_TEMP0.5_250307-0216.txt,FIX,NONE,5,gpt-4o-2024-08-06,0.5,,,,z3,a849a29,N,False,649,6659,0,0
SUMMARY_z3_FIX_GITNONE_ITER5_gpt-4o-2024-08-06_TEMP0.5_250307-0216.txt,FIX,NONE,5,gpt-4o-2024-08-06,0.5,,,,z3,eea9c0b,N,False,660,6914,0,0
SUMMARY_z3_FIX_GITNONE_ITER5_gpt-4o-2024-08-06_TEMP0.5_250307-0216.txt,FIX,NONE,5,gpt-4o-2024-08-06,0.5,,,,z3,49610f5,N,False,662,7246,0,0
SUMMARY_z3_FIX_GITNONE_ITER5_gpt-4o-2024-08-06_TEMP0.5_250307-0216.txt,FIX,NONE,5,gpt-4o-2024-08-06,0.5,,,,z3,a6b5027,N,False,670,7252,0,0
SUMMARY_z3_FIX_GITNONE_ITER5_gpt-4o-2024-08-06_TEMP0.5_250307-0345.txt,FIX,NONE,5,gpt-4o-2024-08-06,0.5,,,,z3,a849a29,N,False,676,6659,0,0
SUMMARY_z3_FIX_GITNONE_ITER5_gpt-4o-2024-08-06_TEMP0.5_250307-0345.txt,FIX,NONE,5,gpt-4o-2024-08-06,0.5,,,,z3,eea9c0b,N,False,650,6914,0,0
SUMMARY_z3_FIX_GITNONE_ITER5_gpt-4o-2024-08-06_TEMP0.5_250307-0345.txt,FIX,NONE,5,gpt-4o-2024-08-06,0.5,,,,z3,49610f5,N,False,658,7246,0,0
SUMMARY_z3_FIX_GITNONE_ITER5_gpt-4o-2024-08-06_TEMP0.5_250307-0345.txt,FIX,NONE,5,gpt-4o-2024-08-06,0.5,,,,z3,a6b5027,N,False,650,7252,0,0
SUMMARY_z3_FIX_GITNONE_ITER5_gpt-4o-2024-08-06_TEMP0.5_250307-0512.txt,FIX,NONE,5,gpt-4o-2024-08-06,0.5,,,,z3,a849a29,N,False,654,6659,0,0
SUMMARY_z3_FIX_GITNONE_ITER5_gpt-4o-2024-08-06_TEMP0.5_250307-0512.txt,FIX,NONE,5,gpt-4o-2024-08-06,0.5,,,,z3,eea9c0b,N,False,653,6914,0,0
SUMMARY_z3_FIX_GITNONE_ITER5_gpt-4o-2024-08-06_TEMP0.5_250307-0512.txt,FIX,NONE,5,gpt-4o-2024-08-06,0.5,,,,z3,49610f5,N,False,651,7246,0,0
SUMMARY_z3_FIX_GITNONE_ITER5_gpt-4o-2024-08-06_TEMP0.5_250307-0512.txt,FIX,NONE,5,gpt-4o-2024-08-06,0.5,,,,z3,a6b5027,N,False,657,7252,0,0
SUMMARY_libxml2_BIC_GITNONE_ITER5_gpt-4o-2024-08-06_TEMP0.5_260219-0828.txt,BIC,NONE,5,gpt-4o-2024-08-06,0.5,,,,libxml2,9a82b94,B,False,6,535,3,1
SUMMARY_libxml2_BIC_GITNONE_ITER5_gpt-4o-2024-08-06_TEMP0.5_260219-0828.txt,BIC,NONE,5,gpt-4o-2024-08-06,0.5,,,,libxml2,74c84a8,D,False,98,550,2,0
SUMMARY_libxml2_BIC_GITNONE_ITER5_gpt-4o-2024-08-06_TEMP0.5_260219-0828.txt,BIC,NONE,5,gpt-4o-2024-08-06,0.5,,,,libxml2,1406b20,B,False,7,553,3,1
SUMMARY_libxml2_BIC_GITNONE_ITER5_gpt-4o-2024-08-06_TEMP0.5_260219-0828.txt,BIC,NONE,5,gpt-4o-2024-08-06,0.5,,,,libxml2,14604a4,D,False,113,720,2,0
SUMMARY_libxml2_BIC_GITNONE_ITER5_gpt-4o-2024-08-06_TEMP0.5_260219-0828.txt,BIC,NONE,5,gpt-4o-2024-08-06,0.5,,,,libxml2,9cfc723,B,False,5,841,3,1
SUMMARY_libxml2_BIC_GITNONE_ITER5_gpt-4o-2024-08-06_TEMP0.5_260219-0911.txt,BIC,NONE,5,gpt-4o-2024-08-06,0.5,,,,libxml2,9a82b94,B,False,5,535,3,1
SUMMARY_libxml2_BIC_GITNONE_ITER5_gpt-4o-2024-08-06_TEMP0.5_260219-0911.txt,BIC,NONE,5,gpt-4o-2024-08-06,0.5,,,,libxml2,74c84a8,D,False,114,550,2,0
SUMMARY_libxml2_BIC_GITNONE_ITER5_gpt-4o-2024-08-06_TEMP0.5_260219-0911.txt,BIC,NONE,5,gpt-4o-2024-08-06,0.5,,,,libxml2,1406b20,B,False,9,553,3,1
SUMMARY_libxml2_BIC_GITNONE_ITER5_gpt-4o-2024-08-06_TEMP0.5_260219-0911.txt,BIC,NONE,5,gpt-4o-2024-08-06,0.5,,,,libxml2,14604a4,D,False,106,720,2,0
SUMMARY_libxml2_BIC_GITNONE_ITER5_gpt-4o-2024-08-06_TEMP0.5_260219-0911.txt,BIC,NONE,5,gpt-4o-2024-08-06,0.5,,,,libxml2,9cfc723,B,False,9,841,3,1
SUMMARY_libxml2_BIC_GITNONE_ITER5_gpt-4o-2024-08-06_TEMP0.5_260219-0919.txt,BIC,NONE,5,gpt-4o-2024-08-06,0.5,,,,libxml2,9a82b94,B,False,6,535,3,1
SUMMARY_libxml2_BIC_GITNONE_ITER5_gpt-4o-2024-08-06_TEMP0.5_260219-0919.txt,BIC,NONE,5,gpt-4o-2024-08-06,0.5,,,,libxml2,74c84a8,D,False,99,550,2,0
SUMMARY_libxml2_BIC_GITNONE_ITER5_gpt-4o-2024-08-06_TEMP0.5_260219-0919.txt,BIC,NONE,5,gpt-4o-2024-08-06,0.5,,,,libxml2,1406b20,B,False,5,553,3,1
SUMMARY_libxml2_BIC_GITNONE_ITER5_gpt-4o-2024-08-06_TEMP0.5_260219-0919.txt,BIC,NONE,5,gpt-4o-2024-08-06,0.5,,,,libxml2,14604a4,D,False,106,720,2,0
SUMMARY_libxml2_BIC_GITNONE_ITER5_gpt-4o-2024-08-06_TEMP0.5_260219-0919.txt,BIC,NONE,5,gpt-4o-2024-08-06,0.5,,,,libxml2,9cfc723,B,False,7,841,3,1
SUMMARY_libxml2_BIC_GITNONE_ITER5_gpt-4o-2024-08-06_TEMP0.5_260219-0929.txt,BIC,NONE,5,gpt-4o-2024-08-06,0.5,,,,libxml2,9a82b94,B,False,6,535,3,1
SUMMARY_libxml2_BIC_GITNONE_ITER5_gpt-4o-2024-08-06_TEMP0.5_260219-0929.txt,BIC,NONE,5,gpt-4o-2024-08-06,0.5,,,,libxml2,74c84a8,D,False,98,550,2,0
SUMMARY_libxml2_BIC_GITNONE_ITER5_gpt-4o-2024-08-06_TEMP0.5_260219-0929.txt,BIC,NONE,5,gpt-4o-2024-08-06,0.5,,,,libxml2,1406b20,B,False,6,553,3,1
SUMMARY_libxml2_BIC_GITNONE_ITER5_gpt-4o-2024-08-06_TEMP0.5_260219-0929.txt,BIC,NONE,5,gpt-4o-2024-08-06,0.5,,,,libxml2,14604a4,D,False,94,720,2,0
SUMMARY_libxml2_BIC_GITNONE_ITER5_gpt-4o-2024-08-06_TEMP0.5_260219-0929.txt,BIC,NONE,5,gpt-4o-2024-08-06,0.5,,,,libxml2,9cfc723,B,False,5,841,3,1
SUMMARY_libxml2_BIC_GITNONE_ITER5_gpt-4o-2024-08-06_TEMP0.5_260219-0937.txt,BIC,NONE,5,gpt-4o-2024-08-06,0.5,,,,libxml2,9a82b94,B,False,8,535,3,1
SUMMARY_libxml2_BIC_GITNONE_ITER5_gpt-4o-2024-08-06_TEMP0.5_260219-0937.txt,BIC,NONE,5,gpt-4o-2024-08-06,0.5,,,,libxml2,74c84a8,D,False,95,550,2,0
SUMMARY_libxml2_BIC_GITNONE_ITER5_gpt-4o-2024-08-06_TEMP0.5_260219-0937.txt,BIC,NONE,5,gpt-4o-2024-08-06,0.5,,,,libxml2,1406b20,B,False,6,553,3,1
SUMMARY_libxml2_BIC_GITNONE_ITER5_gpt-4o-2024-08-06_TEMP0.5_260219-0937.txt,BIC,NONE,5,gpt-4o-2024-08-06,0.5,,,,libxml2,14604a4,D,False,275,720,2,0
SUMMARY_libxml2_BIC_GITNONE_ITER5_gpt-4o-2024-08-06_TEMP0.5_260219-0937.txt,BIC,NONE,5,gpt-4o-2024-08-06,0.5,,,,libxml2,9cfc723,B,False,10,841,3,1
SUMMARY_libxml2_FIX_GITNONE_ITER5_gpt-4o-2024-08-06_TEMP0.5_260219-0832.txt,FIX,NONE,5,gpt-4o-2024-08-06,0.5,,,,libxml2,d0c3f01,B,False,5,535,3,1
SUMMARY_libxml2_FIX_GITNONE_ITER5_gpt-4o-2024-08-06_TEMP0.5_260219-0832.txt,FIX,NONE,5,gpt-4o-2024-08-06,0.5,,,,libxml2,6273df6,N,False,111,550,0,0
SUMMARY_libxml2_FIX_GITNONE_ITER5_gpt-4o-2024-08-06_TEMP0.5_260219-0832.txt,FIX,NONE,5,gpt-4o-2024-08-06,0.5,,,,libxml2,db21cd5,B,False,7,553,3,1
SUMMARY_libxml2_FIX_GITNONE_ITER5_gpt-4o-2024-08-06_TEMP0.5_260219-0832.txt,FIX,NONE,5,gpt-4o-2024-08-06,0.5,,,,libxml2,3ad7f81,D,False,120,720,2,0
SUMMARY_libxml2_FIX_GITNONE_ITER5_gpt-4o-2024-08-06_TEMP0.5_260219-0832.txt,FIX,NONE,5,gpt-4o-2024-08-06,0.5,,,,libxml2,dc6270d,B,False,8,841,3,1
SUMMARY_libxml2_FIX_GITNONE_ITER5_gpt-4o-2024-08-06_TEMP0.5_260219-0915.txt,FIX,NONE,5,gpt-4o-2024-08-06,0.5,,,,libxml2,d0c3f01,B,False,6,535,3,1
SUMMARY_libxml2_FIX_GITNONE_ITER5_gpt-4o-2024-08-06_TEMP0.5_260219-0915.txt,FIX,NONE,5,gpt-4o-2024-08-06,0.5,,,,libxml2,6273df6,N,False,96,550,0,0
SUMMARY_libxml2_FIX_GITNONE_ITER5_gpt-4o-2024-08-06_TEMP0.5_260219-0915.txt,FIX,NONE,5,gpt-4o-2024-08-06,0.5,,,,libxml2,db21cd5,B,False,7,553,3,1
SUMMARY_libxml2_FIX_GITNONE_ITER5_gpt-4o-2024-08-06_TEMP0.5_260219-0915.txt,FIX,NONE,5,gpt-4o-2024-08-06,0.5,,,,libxml2,3ad7f81,D,False,103,720,2,0
SUMMARY_libxml2_FIX_GITNONE_ITER5_gpt-4o-2024-08-06_TEMP0.5_260219-0915.txt,FIX,NONE,5,gpt-4o-2024-08-06,0.5,,,,libxml2,dc6270d,B,False,5,841,3,1
SUMMARY_libxml2_FIX_GITNONE_ITER5_gpt-4o-2024-08-06_TEMP0.5_260219-0922.txt,FIX,NONE,5,gpt-4o-2024-08-06,0.5,,,,libxml2,d0c3f01,B,False,5,535,3,1
SUMMARY_libxml2_FIX_GITNONE_ITER5_gpt-4o-2024-08-06_TEMP0.5_260219-0922.txt,FIX,NONE,5,gpt-4o-2024-08-06,0.5,,,,libxml2,6273df6,N,False,115,550,0,0
SUMMARY_libxml2_FIX_GITNONE_ITER5_gpt-4o-2024-08-06_TEMP0.5_260219-0922.txt,FIX,NONE,5,gpt-4o-2024-08-06,0.5,,,,libxml2,db21cd5,B,False,189,553,3,1
SUMMARY_libxml2_FIX_GITNONE_ITER5_gpt-4o-2024-08-06_TEMP0.5_260219-0922.txt,FIX,NONE,5,gpt-4o-2024-08-06,0.5,,,,libxml2,3ad7f81,D,False,96,720,2,0
SUMMARY_libxml2_FIX_GITNONE_ITER5_gpt-4o-2024-08-06_TEMP0.5_260219-0922.txt,FIX,NONE,5,gpt-4o-2024-08-06,0.5,,,,libxml2,dc6270d,B,False,6,841,3,1
SUMMARY_libxml2_FIX_GITNONE_ITER5_gpt-4o-2024-08-06_TEMP0.5_260219-0933.txt,FIX,NONE,5,gpt-4o-2024-08-06,0.5,,,,libxml2,d0c3f01,B,False,6,535,3,1
SUMMARY_libxml2_FIX_GITNONE_ITER5_gpt-4o-2024-08-06_TEMP0.5_260219-0933.txt,FIX,NONE,5,gpt-4o-2024-08-06,0.5,,,,libxml2,6273df6,N,False,99,550,0,0
SUMMARY_libxml2_FIX_GITNONE_ITER5_gpt-4o-2024-08-06_TEMP0.5_260219-0933.txt,FIX,NONE,5,gpt-4o-2024-08-06,0.5,,,,libxml2,db21cd5,B,False,7,553,3,1
SUMMARY_libxml2_FIX_GITNONE_ITER5_gpt-4o-2024-08-06_TEMP0.5_260219-0933.txt,FIX,NONE,5,gpt-4o-2024-08-06,0.5,,,,libxml2,3ad7f81,D,False,120,720,2,0
SUMMARY_libxml2_FIX_GITNONE_ITER5_gpt-4o-2024-08-06_TEMP0.5_260219-0933.txt,FIX,NONE,5,gpt-4o-2024-08-06,0.5,,,,libxml2,dc6270d,B,False,5,841,3,1
SUMMARY_libxml2_FIX_GITNONE_ITER5_gpt-4o-2024-08-06_TEMP0.5_260219-0943.txt,FIX,NONE,5,gpt-4o-2024-08-06,0.5,,,,libxml2,d0c3f01,B,False,6,535,3,1
SUMMARY_libxml2_FIX_GITNONE_ITER5_gpt-4o-2024-08-06_TEMP0.5_260219-0943.txt,FIX,NONE,5,gpt-4o-2024-08-06,0.5,,,,libxml2,6273df6,N,False,88,550,0,0
SUMMARY_libxml2_FIX_GITNONE_ITER5_gpt-4o-2024-08-06_TEMP0.5_260219-0943.txt,FIX,NONE,5,gpt-4o-2024-08-06,0.5,,,,libxml2,db21cd5,B,False,6,553,3,1
SUMMARY_libxml2_FIX_GITNONE_ITER5_gpt-4o-2024-08-06_TEMP0.5_260219-0943.txt,FIX,NONE,5,gpt-4o-2024-08-06,0.5,,,,libxml2,3ad7f81,D,False,97,720,2,0
SUMMARY_libxml2_FIX_GITNONE_ITER5_gpt-4o-2024-08-06_TEMP0.5_260219-0943.txt,FIX,NONE,5,gpt-4o-2024-08-06,0.5,,,,libxml2,dc6270d,B,False,7,841,3,1
SUMMARY_jq_BIC_GITNONE_ITER5_gpt-4o-2024-08-06_TEMP0.5_260219-0808.txt,BIC,NONE,5,gpt-4o-2024-08-06,0.5,,,,jq,680baef,N,False,54,2825,0,0
SUMMARY_jq_BIC_GITNONE_ITER5_gpt-4o-2024-08-06_TEMP0.5_260219-0808.txt,BIC,NONE,5,gpt-4o-2024-08-06,0.5,,,,jq,680baef,R,False,75,2976,1,0
SUMMARY_jq_BIC_GITNONE_ITER5_gpt-4o-2024-08-06_TEMP0.5_260219-0808.txt,BIC,NONE,5,gpt-4o-2024-08-06,0.5,,,,jq,0e067ef,B,False,51,3262,3,1
SUMMARY_jq_BIC_GITNONE_ITER5_gpt-4o-2024-08-06_TEMP0.5_260219-0808.txt,BIC,NONE,5,gpt-4o-2024-08-06,0.5,,,,jq,4003202,N,False,43,49014,0,0
SUMMARY_jq_BIC_GITNONE_ITER5_gpt-4o-2024-08-06_TEMP0.5_260219-0911.txt,BIC,NONE,5,gpt-4o-2024-08-06,0.5,,,,jq,680baef,R,False,40,2825,1,0
SUMMARY_jq_BIC_GITNONE_ITER5_gpt-4o-2024-08-06_TEMP0.5_260219-0911.txt,BIC,NONE,5,gpt-4o-2024-08-06,0.5,,,,jq,680baef,R,False,66,2976,1,0
SUMMARY_jq_BIC_GITNONE_ITER5_gpt-4o-2024-08-06_TEMP0.5_260219-0911.txt,BIC,NONE,5,gpt-4o-2024-08-06,0.5,,,,jq,0e067ef,B,False,16,3262,3,1
SUMMARY_jq_BIC_GITNONE_ITER5_gpt-4o-2024-08-06_TEMP0.5_260219-0911.txt,BIC,NONE,5,gpt-4o-2024-08-06,0.5,,,,jq,4003202,N,False,42,49014,0,0
SUMMARY_jq_BIC_GITNONE_ITER5_gpt-4o-2024-08-06_TEMP0.5_260219-0913.txt,BIC,NONE,5,gpt-4o-2024-08-06,0.5,,,,jq,680baef,R,False,45,2825,1,0
SUMMARY_jq_BIC_GITNONE_ITER5_gpt-4o-2024-08-06_TEMP0.5_260219-0913.txt,BIC,NONE,5,gpt-4o-2024-08-06,0.5,,,,jq,680baef,R,False,62,2976,1,0
SUMMARY_jq_BIC_GITNONE_ITER5_gpt-4o-2024-08-06_TEMP0.5_260219-0913.txt,BIC,NONE,5,gpt-4o-2024-08-06,0.5,,,,jq,0e067ef,B,False,219,3262,3,1
SUMMARY_jq_BIC_GITNONE_ITER5_gpt-4o-2024-08-06_TEMP0.5_260219-0913.txt,BIC,NONE,5,gpt-4o-2024-08-06,0.5,,,,jq,4003202,N,False,47,49014,0,0
SUMMARY_jq_BIC_GITNONE_ITER5_gpt-4o-2024-08-06_TEMP0.5_260219-0920.txt,BIC,NONE,5,gpt-4o-2024-08-06,0.5,,,,jq,680baef,R,False,46,2825,1,0
SUMMARY_jq_BIC_GITNONE_ITER5_gpt-4o-2024-08-06_TEMP0.5_260219-0920.txt,BIC,NONE,5,gpt-4o-2024-08-06,0.5,,,,jq,680baef,R,False,53,2976,1,0
SUMMARY_jq_BIC_GITNONE_ITER5_gpt-4o-2024-08-06_TEMP0.5_260219-0920.txt,BIC,NONE,5,gpt-4o-2024-08-06,0.5,,,,jq,0e067ef,B,False,45,3262,3,1
SUMMARY_jq_BIC_GITNONE_ITER5_gpt-4o-2024-08-06_TEMP0.5_260219-0920.txt,BIC,NONE,5,gpt-4o-2024-08-06,0.5,,,,jq,4003202,N,False,48,49014,0,0
SUMMARY_jq_BIC_GITNONE_ITER5_gpt-4o-2024-08-06_TEMP0.5_260219-0923.txt,BIC,NONE,5,gpt-4o-2024-08-06,0.5,,,,jq,680baef,R,False,43,2825,1,0
SUMMARY_jq_BIC_GITNONE_ITER5_gpt-4o-2024-08-06_TEMP0.5_260219-0923.txt,BIC,NONE,5,gpt-4o-2024-08-06,0.5,,,,jq,680baef,R,False,64,2976,1,0
SUMMARY_jq_BIC_GITNONE_ITER5_gpt-4o-2024-08-06_TEMP0.5_260219-0923.txt,BIC,NONE,5,gpt-4o-2024-08-06,0.5,,,,jq,0e067ef,B,False,7,3262,3,1
SUMMARY_jq_BIC_GITNONE_ITER5_gpt-4o-2024-08-06_TEMP0.5_260219-0923.txt,BIC,NONE,5,gpt-4o-2024-08-06,0.5,,,,jq,4003202,N,False,43,49014,0,0
SUMMARY_jq_FIX_GITNONE_ITER5_gpt-4o-2024-08-06_TEMP0.5_260219-0627.txt,FIX,NONE,5,gpt-4o-2024-08-06,0.5,,,,jq,3fa10e8,R,False,51,2825,1,0
SUMMARY_jq_FIX_GITNONE_ITER5_gpt-4o-2024-08-06_TEMP0.5_260219-0627.txt,FIX,NONE,5,gpt-4o-2024-08-06,0.5,,,,jq,71c2ab5,R,False,65,2976,1,0
SUMMARY_jq_FIX_GITNONE_ITER5_gpt-4o-2024-08-06_TEMP0.5_260219-0627.txt,FIX,NONE,5,gpt-4o-2024-08-06,0.5,,,,jq,de21386,B,False,7,3262,3,1
SUMMARY_jq_FIX_GITNONE_ITER5_gpt-4o-2024-08-06_TEMP0.5_260219-0627.txt,FIX,NONE,5,gpt-4o-2024-08-06,0.5,,,,jq,499c91b,N,False,44,49014,0,0
SUMMARY_jq_FIX_GITNONE_ITER5_gpt-4o-2024-08-06_TEMP0.5_260219-1304.txt,FIX,NONE,5,gpt-4o-2024-08-06,0.5,,,,jq,3fa10e8,R,False,48,2825,1,0
SUMMARY_jq_FIX_GITNONE_ITER5_gpt-4o-2024-08-06_TEMP0.5_260219-1304.txt,FIX,NONE,5,gpt-4o-2024-08-06,0.5,,,,jq,71c2ab5,N,False,62,2976,0,0
SUMMARY_jq_FIX_GITNONE_ITER5_gpt-4o-2024-08-06_TEMP0.5_260219-1304.txt,FIX,NONE,5,gpt-4o-2024-08-06,0.5,,,,jq,de21386,B,False,5,3262,3,1
SUMMARY_jq_FIX_GITNONE_ITER5_gpt-4o-2024-08-06_TEMP0.5_260219-1304.txt,FIX,NONE,5,gpt-4o-2024-08-06,0.5,,,,jq,499c91b,N,False,47,49014,0,0
SUMMARY_jq_FIX_GITNONE_ITER5_gpt-4o-2024-08-06_TEMP0.5_260219-1307.txt,FIX,NONE,5,gpt-4o-2024-08-06,0.5,,,,jq,3fa10e8,R,False,53,2825,1,0
SUMMARY_jq_FIX_GITNONE_ITER5_gpt-4o-2024-08-06_TEMP0.5_260219-1307.txt,FIX,NONE,5,gpt-4o-2024-08-06,0.5,,,,jq,71c2ab5,R,False,64,2976,1,0
SUMMARY_jq_FIX_GITNONE_ITER5_gpt-4o-2024-08-06_TEMP0.5_260219-1307.txt,FIX,NONE,5,gpt-4o-2024-08-06,0.5,,,,jq,de21386,B,False,18,3262,3,1
SUMMARY_jq_FIX_GITNONE_ITER5_gpt-4o-2024-08-06_TEMP0.5_260219-1307.txt,FIX,NONE,5,gpt-4o-2024-08-06,0.5,,,,jq,499c91b,N,False,39,49014,0,0
SUMMARY_jq_FIX_GITNONE_ITER5_gpt-4o-2024-08-06_TEMP0.5_260219-1310.txt,FIX,NONE,5,gpt-4o-2024-08-06,0.5,,,,jq,3fa10e8,R,False,36,2825,1,0
SUMMARY_jq_FIX_GITNONE_ITER5_gpt-4o-2024-08-06_TEMP0.5_260219-1310.txt,FIX,NONE,5,gpt-4o-2024-08-06,0.5,,,,jq,71c2ab5,R,False,45,2976,1,0
SUMMARY_jq_FIX_GITNONE_ITER5_gpt-4o-2024-08-06_TEMP0.5_260219-1310.txt,FIX,NONE,5,gpt-4o-2024-08-06,0.5,,,,jq,de21386,B,False,28,3262,3,1
SUMMARY_jq_FIX_GITNONE_ITER5_gpt-4o-2024-08-06_TEMP0.5_260219-1310.txt,FIX,NONE,5,gpt-4o-2024-08-06,0.5,,,,jq,499c91b,N,False,42,49014,0,0
SUMMARY_jq_FIX_GITNONE_ITER5_gpt-4o-2024-08-06_TEMP0.5_260219-1312.txt,FIX,NONE,5,gpt-4o-2024-08-06,0.5,,,,jq,3fa10e8,R,False,48,2825,1,0
SUMMARY_jq_FIX_GITNONE_ITER5_gpt-4o-2024-08-06_TEMP0.5_260219-1312.txt,FIX,NONE,5,gpt-4o-2024-08-06,0.5,,,,jq,71c2ab5,R,False,57,2976,1,0
SUMMARY_jq_FIX_GITNONE_ITER5_gpt-4o-2024-08-06_TEMP0.5_260219-1312.txt,FIX,NONE,5,gpt-4o-2024-08-06,0.5,,,,jq,de21386,B,False,18,3262,3,1
SUMMARY_jq_FIX_GITNONE_ITER5_gpt-4o-2024-08-06_TEMP0.5_260219-1312.txt,FIX,NONE,5,gpt-4o-2024-08-06,0.5,,,,jq,499c91b,N,False,42,49014,0,0
SUMMARY_micropython_BIC_GITNONE_ITER5_gpt-4o-2024-08-06_TEMP0.5_260219-0806.txt,BIC,NONE,5,gpt-4o-2024-08-06,0.5,,,,micropython,4c93955,N,False,81,13007,0,0
SUMMARY_micropython_BIC_GITNONE_ITER5_gpt-4o-2024-08-06_TEMP0.5_260219-0806.txt,BIC,NONE,5,gpt-4o-2024-08-06,0.5,,,,micropython,1fef566,X,True,89,13041,0,0
SUMMARY_micropython_BIC_GITNONE_ITER5_gpt-4o-2024-08-06_TEMP0.5_260219-0806.txt,BIC,NONE,5,gpt-4o-2024-08-06,0.5,,,,micropython,5e9189d,N,False,128,17733,0,0
SUMMARY_micropython_BIC_GITNONE_ITER5_gpt-4o-2024-08-06_TEMP0.5_260219-0806.txt,BIC,NONE,5,gpt-4o-2024-08-06,0.5,,,,micropython,69ead7d,N,False,115,17815,0,0
SUMMARY_micropython_BIC_GITNONE_ITER5_gpt-4o-2024-08-06_TEMP0.5_260219-0806.txt,BIC,NONE,5,gpt-4o-2024-08-06,0.5,,,,micropython,e702046,N,False,120,17841,0,0
SUMMARY_micropython_BIC_GITNONE_ITER5_gpt-4o-2024-08-06_TEMP0.5_260219-0806.txt,BIC,NONE,5,gpt-4o-2024-08-06,0.5,,,,micropython,7e14680,N,False,130,17847,0,0
SUMMARY_micropython_BIC_GITNONE_ITER5_gpt-4o-2024-08-06_TEMP0.5_260219-1305.txt,BIC,NONE,5,gpt-4o-2024-08-06,0.5,,,,micropython,4c93955,N,False,78,13007,0,0
SUMMARY_micropython_BIC_GITNONE_ITER5_gpt-4o-2024-08-06_TEMP0.5_260219-1305.txt,BIC,NONE,5,gpt-4o-2024-08-06,0.5,,,,micropython,1fef566,X,True,65,13041,0,0
SUMMARY_micropython_BIC_GITNONE_ITER5_gpt-4o-2024-08-06_TEMP0.5_260219-1305.txt,BIC,NONE,5,gpt-4o-2024-08-06,0.5,,,,micropython,5e9189d,N,False,96,17733,0,0
SUMMARY_micropython_BIC_GITNONE_ITER5_gpt-4o-2024-08-06_TEMP0.5_260219-1305.txt,BIC,NONE,5,gpt-4o-2024-08-06,0.5,,,,micropython,69ead7d,R,False,105,17815,1,0
SUMMARY_micropython_BIC_GITNONE_ITER5_gpt-4o-2024-08-06_TEMP0.5_260219-1305.txt,BIC,NONE,5,gpt-4o-2024-08-06,0.5,,,,micropython,e702046,D,False,132,17841,2,0
SUMMARY_micropython_BIC_GITNONE_ITER5_gpt-4o-2024-08-06_TEMP0.5_260219-1305.txt,BIC,NONE,5,gpt-4o-2024-08-06,0.5,,,,micropython,7e14680,N,False,122,17847,0,0
SUMMARY_micropython_BIC_GITNONE_ITER5_gpt-4o-2024-08-06_TEMP0.5_260219-1326.txt,BIC,NONE,5,gpt-4o-2024-08-06,0.5,,,,micropython,4c93955,R,False,89,13007,1,0
SUMMARY_micropython_BIC_GITNONE_ITER5_gpt-4o-2024-08-06_TEMP0.5_260219-1326.txt,BIC,NONE,5,gpt-4o-2024-08-06,0.5,,,,micropython,1fef566,X,True,73,13041,0,0
SUMMARY_micropython_BIC_GITNONE_ITER5_gpt-4o-2024-08-06_TEMP0.5_260219-1326.txt,BIC,NONE,5,gpt-4o-2024-08-06,0.5,,,,micropython,5e9189d,N,False,114,17733,0,0
SUMMARY_micropython_BIC_GITNONE_ITER5_gpt-4o-2024-08-06_TEMP0.5_260219-1326.txt,BIC,NONE,5,gpt-4o-2024-08-06,0.5,,,,micropython,69ead7d,R,False,124,17815,1,0
SUMMARY_micropython_BIC_GITNONE_ITER5_gpt-4o-2024-08-06_TEMP0.5_260219-1326.txt,BIC,NONE,5,gpt-4o-2024-08-06,0.5,,,,micropython,e702046,N,False,104,17841,0,0
SUMMARY_micropython_BIC_GITNONE_ITER5_gpt-4o-2024-08-06_TEMP0.5_260219-1326.txt,BIC,NONE,5,gpt-4o-2024-08-06,0.5,,,,micropython,7e14680,N,False,110,17847,0,0
SUMMARY_micropython_BIC_GITNONE_ITER5_gpt-4o-2024-08-06_TEMP0.5_260219-1347.txt,BIC,NONE,5,gpt-4o-2024-08-06,0.5,,,,micropython,4c93955,X,True,83,13007,0,0
SUMMARY_micropython_BIC_GITNONE_ITER5_gpt-4o-2024-08-06_TEMP0.5_260219-1347.txt,BIC,NONE,5,gpt-4o-2024-08-06,0.5,,,,micropython,1fef566,X,True,58,13041,0,0
SUMMARY_micropython_BIC_GITNONE_ITER5_gpt-4o-2024-08-06_TEMP0.5_260219-1347.txt,BIC,NONE,5,gpt-4o-2024-08-06,0.5,,,,micropython,5e9189d,N,False,120,17733,0,0
SUMMARY_micropython_BIC_GITNONE_ITER5_gpt-4o-2024-08-06_TEMP0.5_260219-1347.txt,BIC,NONE,5,gpt-4o-2024-08-06,0.5,,,,micropython,69ead7d,R,False,130,17815,1,0
SUMMARY_micropython_BIC_GITNONE_ITER5_gpt-4o-2024-08-06_TEMP0.5_260219-1347.txt,BIC,NONE,5,gpt-4o-2024-08-06,0.5,,,,micropython,e702046,N,False,104,17841,0,0
SUMMARY_micropython_BIC_GITNONE_ITER5_gpt-4o-2024-08-06_TEMP0.5_260219-1347.txt,BIC,NONE,5,gpt-4o-2024-08-06,0.5,,,,micropython,7e14680,N,False,128,17847,0,0
SUMMARY_micropython_BIC_GITNONE_ITER5_gpt-4o-2024-08-06_TEMP0.5_260219-1409.txt,BIC,NONE,5,gpt-4o-2024-08-06,0.5,,,,micropython,4c93955,N,False,112,13007,0,0
SUMMARY_micropython_BIC_GITNONE_ITER5_gpt-4o-2024-08-06_TEMP0.5_260219-1409.txt,BIC,NONE,5,gpt-4o-2024-08-06,0.5,,,,micropython,1fef566,X,True,74,13041,0,0
SUMMARY_micropython_BIC_GITNONE_ITER5_gpt-4o-2024-08-06_TEMP0.5_260219-1409.txt,BIC,NONE,5,gpt-4o-2024-08-06,0.5,,,,micropython,5e9189d,N,False,116,17733,0,0
SUMMARY_micropython_BIC_GITNONE_ITER5_gpt-4o-2024-08-06_TEMP0.5_260219-1409.txt,BIC,NONE,5,gpt-4o-2024-08-06,0.5,,,,micropython,69ead7d,R,False,122,17815,1,0
SUMMARY_micropython_BIC_GITNONE_ITER5_gpt-4o-2024-08-06_TEMP0.5_260219-1409.txt,BIC,NONE,5,gpt-4o-2024-08-06,0.5,,,,micropython,e702046,N,False,119,17841,0,0
SUMMARY_micropython_BIC_GITNONE_ITER5_gpt-4o-2024-08-06_TEMP0.5_260219-1409.txt,BIC,NONE,5,gpt-4o-2024-08-06,0.5,,,,micropython,7e14680,N,False,100,17847,0,0
SUMMARY_micropython_FIX_GITNONE_ITER5_gpt-4o-2024-08-06_TEMP0.5_260219-0631.txt,FIX,NONE,5,gpt-4o-2024-08-06,0.5,,,,micropython,f397a3e,N,False,110,13007,0,0
SUMMARY_micropython_FIX_GITNONE_ITER5_gpt-4o-2024-08-06_TEMP0.5_260219-0631.txt,FIX,NONE,5,gpt-4o-2024-08-06,0.5,,,,micropython,908ab1c,N,False,115,13041,0,0
SUMMARY_micropython_FIX_GITNONE_ITER5_gpt-4o-2024-08-06_TEMP0.5_260219-0631.txt,FIX,NONE,5,gpt-4o-2024-08-06,0.5,,,,micropython,3185bb5,N,False,121,17733,0,0
SUMMARY_micropython_FIX_GITNONE_ITER5_gpt-4o-2024-08-06_TEMP0.5_260219-0631.txt,FIX,NONE,5,gpt-4o-2024-08-06,0.5,,,,micropython,c0252d7,R,False,109,17815,1,0
SUMMARY_micropython_FIX_GITNONE_ITER5_gpt-4o-2024-08-06_TEMP0.5_260219-0631.txt,FIX,NONE,5,gpt-4o-2024-08-06,0.5,,,,micropython,4b013ec,R,False,116,17841,1,0
SUMMARY_micropython_FIX_GITNONE_ITER5_gpt-4o-2024-08-06_TEMP0.5_260219-0631.txt,FIX,NONE,5,gpt-4o-2024-08-06,0.5,,,,micropython,0615d13,N,False,112,17847,0,0
SUMMARY_micropython_FIX_GITNONE_ITER5_gpt-4o-2024-08-06_TEMP0.5_260219-1315.txt,FIX,NONE,5,gpt-4o-2024-08-06,0.5,,,,micropython,f397a3e,N,False,111,13007,0,0
SUMMARY_micropython_FIX_GITNONE_ITER5_gpt-4o-2024-08-06_TEMP0.5_260219-1315.txt,FIX,NONE,5,gpt-4o-2024-08-06,0.5,,,,micropython,908ab1c,N,False,109,13041,0,0
SUMMARY_micropython_FIX_GITNONE_ITER5_gpt-4o-2024-08-06_TEMP0.5_260219-1315.txt,FIX,NONE,5,gpt-4o-2024-08-06,0.5,,,,micropython,3185bb5,N,False,116,17733,0,0
SUMMARY_micropython_FIX_GITNONE_ITER5_gpt-4o-2024-08-06_TEMP0.5_260219-1315.txt,FIX,NONE,5,gpt-4o-2024-08-06,0.5,,,,micropython,c0252d7,N,False,104,17815,0,0
SUMMARY_micropython_FIX_GITNONE_ITER5_gpt-4o-2024-08-06_TEMP0.5_260219-1315.txt,FIX,NONE,5,gpt-4o-2024-08-06,0.5,,,,micropython,4b013ec,R,False,109,17841,1,0
SUMMARY_micropython_FIX_GITNONE_ITER5_gpt-4o-2024-08-06_TEMP0.5_260219-1315.txt,FIX,NONE,5,gpt-4o-2024-08-06,0.5,,,,micropython,0615d13,N,False,118,17847,0,0
SUMMARY_micropython_FIX_GITNONE_ITER5_gpt-4o-2024-08-06_TEMP0.5_260219-1336.txt,FIX,NONE,5,gpt-4o-2024-08-06,0.5,,,,micropython,f397a3e,N,False,113,13007,0,0
SUMMARY_micropython_FIX_GITNONE_ITER5_gpt-4o-2024-08-06_TEMP0.5_260219-1336.txt,FIX,NONE,5,gpt-4o-2024-08-06,0.5,,,,micropython,908ab1c,N,False,123,13041,0,0
SUMMARY_micropython_FIX_GITNONE_ITER5_gpt-4o-2024-08-06_TEMP0.5_260219-1336.txt,FIX,NONE,5,gpt-4o-2024-08-06,0.5,,,,micropython,3185bb5,N,False,114,17733,0,0
SUMMARY_micropython_FIX_GITNONE_ITER5_gpt-4o-2024-08-06_TEMP0.5_260219-1336.txt,FIX,NONE,5,gpt-4o-2024-08-06,0.5,,,,micropython,c0252d7,N,False,101,17815,0,0
SUMMARY_micropython_FIX_GITNONE_ITER5_gpt-4o-2024-08-06_TEMP0.5_260219-1336.txt,FIX,NONE,5,gpt-4o-2024-08-06,0.5,,,,micropython,4b013ec,R,False,109,17841,1,0
SUMMARY_micropython_FIX_GITNONE_ITER5_gpt-4o-2024-08-06_TEMP0.5_260219-1336.txt,FIX,NONE,5,gpt-4o-2024-08-06,0.5,,,,micropython,0615d13,N,False,106,17847,0,0
SUMMARY_micropython_FIX_GITNONE_ITER5_gpt-4o-2024-08-06_TEMP0.5_260219-1358.txt,FIX,NONE,5,gpt-4o-2024-08-06,0.5,,,,micropython,f397a3e,N,False,96,13007,0,0
SUMMARY_micropython_FIX_GITNONE_ITER5_gpt-4o-2024-08-06_TEMP0.5_260219-1358.txt,FIX,NONE,5,gpt-4o-2024-08-06,0.5,,,,micropython,908ab1c,N,False,101,13041,0,0
SUMMARY_micropython_FIX_GITNONE_ITER5_gpt-4o-2024-08-06_TEMP0.5_260219-1358.txt,FIX,NONE,5,gpt-4o-2024-08-06,0.5,,,,micropython,3185bb5,N,False,113,17733,0,0
SUMMARY_micropython_FIX_GITNONE_ITER5_gpt-4o-2024-08-06_TEMP0.5_260219-1358.txt,FIX,NONE,5,gpt-4o-2024-08-06,0.5,,,,micropython,c0252d7,N,False,129,17815,0,0
SUMMARY_micropython_FIX_GITNONE_ITER5_gpt-4o-2024-08-06_TEMP0.5_260219-1358.txt,FIX,NONE,5,gpt-4o-2024-08-06,0.5,,,,micropython,4b013ec,R,False,114,17841,1,0
SUMMARY_micropython_FIX_GITNONE_ITER5_gpt-4o-2024-08-06_TEMP0.5_260219-1358.txt,FIX,NONE,5,gpt-4o-2024-08-06,0.5,,,,micropython,0615d13,N,False,127,17847,0,0
SUMMARY_micropython_FIX_GITNONE_ITER5_gpt-4o-2024-08-06_TEMP0.5_260219-1420.txt,FIX,NONE,5,gpt-4o-2024-08-06,0.5,,,,micropython,f397a3e,N,False,107,13007,0,0
SUMMARY_micropython_FIX_GITNONE_ITER5_gpt-4o-2024-08-06_TEMP0.5_260219-1420.txt,FIX,NONE,5,gpt-4o-2024-08-06,0.5,,,,micropython,908ab1c,N,False,108,13041,0,0
SUMMARY_micropython_FIX_GITNONE_ITER5_gpt-4o-2024-08-06_TEMP0.5_260219-1420.txt,FIX,NONE,5,gpt-4o-2024-08-06,0.5,,,,micropython,3185bb5,N,False,111,17733,0,0
SUMMARY_micropython_FIX_GITNONE_ITER5_gpt-4o-2024-08-06_TEMP0.5_260219-1420.txt,FIX,NONE,5,gpt-4o-2024-08-06,0.5,,,,micropython,c0252d7,N,False,121,17815,0,0
SUMMARY_micropython_FIX_GITNONE_ITER5_gpt-4o-2024-08-06_TEMP0.5_260219-1420.txt,FIX,NONE,5,gpt-4o-2024-08-06,0.5,,,,micropython,4b013ec,R,False,108,17841,1,0
SUMMARY_micropython_FIX_GITNONE_ITER5_gpt-4o-2024-08-06_TEMP0.5_260219-1420.txt,FIX,NONE,5,gpt-4o-2024-08-06,0.5,,,,micropython,0615d13,N,False,115,17847,0,0
